undetermined read_count	1492309
mapped read_count	13422618
overall read_count	14914927.0

undetermined yield	450677318
mapped yield	4053630636
overall yield	4504307954

undetermined_proportion	0.1001
mapped_proportion	0.8999

sample_name	number_of_reads	yield	fraction_of_all_reads
KGKY-RWB-162-ZTB-2023-MSMT-1	97307	29386714	0.0065
KGKY-RWB-241-ALR-2023-MSMT-1	94464	28528128	0.0063
-KGKY-RWB-195-AAD-2023-MSMT-1	89240	26950480	0.006
KGKA-BKG-105-DLR-2023-MSMT-1	88682	26781964	0.0059
KGKY-RWB-250-KBR-2023-MSMT-1	86484	26118168	0.0058
KGKY-RWB-243-AAA-2023-MSMT-1	81692	24670984	0.0055
KGKY-RWB-242-TJL-2023-MSMT-1	77326	23352452	0.0052
KGBR-BUT260-EKW-2023-MSMT-1	77707	23467514	0.0052
KGKY-RUG-053-RLK-2023-MSMT-1	72371	21856042	0.0049
KGKY-RWB-237-MJB-2023-MSMT-1	72047	21758194	0.0048
KGKY-RWB-267-BFD-2023-MSMT-1	69701	21049702	0.0047
KGNG-CVU027-BBL-2023-MSMT-1	67865	20495230	0.0046
KGKY-RWB-246-AAK-2023-MSMT-1	68754	20763708	0.0046
KGKY-RWB-235-PZJ-2023-MSMT-1	69161	20886622	0.0046
KGKY-RWB-263-DKK-2023-MSMT-1	66885	20199270	0.0045
KGKY-RWB-262-JTA-2023-MSMT-1	67669	20436038	0.0045
KGKA-RWB145-ATF-2023-MSMT-1	66420	20058840	0.0045
KGKA-BKG-125-SRN-2023-MSMT-1	66397	20051894	0.0045
KGKY-RWB-233-ARK-2023-MSMT-1	65798	19870996	0.0044
KGBR-BUT240-ERA-2023-MSMT-1	65211	19693722	0.0044
KGNG-CVU081-JNV-2023-MSMT-1	64552	19494704	0.0043
KGNG-CVU022-DNJ-2023-MSMT-1	63641	19219582	0.0043
KGBR-BUT314-SFI-2023-MSMT-1	63473	19168846	0.0043
KGBR-BUT264-KKF-2023-MSMT-1	64332	19428264	0.0043
KGBR-BUT220-FKS-2023-MSMT-1	64129	19366958	0.0043
KGBR-BUT058-DKJ-2023-MSMT-1	64128	19366656	0.0043
KGKY-RWB-268-HSA-2023-MSMT-1	62177	18777454	0.0042
KGKY-RWB-146-ATF-2023-MSMT-1	62751	18950802	0.0042
KGBR-BUT161-JMA-2023-MSMT-1	63063	19045026	0.0042
KGBR-BUT128-JJN-2023-MSMT-1	62546	18888892	0.0042
KGNG-CVU063-ISE-2023-MSMT-1	60472	18262544	0.0041
KGNG-CVU043-PAO-2023-MSMT-1	60705	18332910	0.0041
KGNG-CVU024-AMD-2023-MSMT-1	60587	18297274	0.0041
KGKY-RUG-115-VVJ-2023-MSMT-1	61489	18569678	0.0041
KGNG-CVU149-III-2023-MSMT-1	60167	18170434	0.004
KGNG-CVU146-JSA-2023-MSMT-1	59838	18071076	0.004
KGNG-CVU074-LEJ-2023-MSMT-1	59052	17833704	0.004
KGNG-CVU068-III-2023-MSMT-1	59124	17855448	0.004
KGKY-RWB-194-AAD-2023-MSMT-1	60085	18145670	0.004
KGKY-RUG-116-LLV-2023-MSMT-1	59284	17903768	0.004
KGKA-BKG184-AAM-2023-MSMT-1	59007	17820114	0.004
KGKA-BKG-006-DAD-2023-MSMT-1	59867	18079834	0.004
KGBR-BUT120-BJE-2023-MSMT-1	59093	17846086	0.004
KGBR-BUT034-RMH-2023-MSMT-1	58930	17796860	0.004
KGNG-CVU114-NME-2023-MSMT-1	58657	17714414	0.0039
KGNG-CVU058-JJG-2023-MSMT-1	57587	17391274	0.0039
KGNG-CVU026-NNN-2023-MSMT-1	58123	17553146	0.0039
KGKY-RWB-248-JRF-2023-MSMT-1	57986	17511772	0.0039
KGBR-BUT219-EEE-2023-MSMT-1	57714	17429628	0.0039
KGBR-BUT150-KPP-2023-MSMT-1	58846	17771492	0.0039
KGBR-BUT107-GTT-2023-MSMT-1	57980	17509960	0.0039
KGNG-CVU040-CJE-2023-MSMT-1	55981	16906262	0.0038
KGNG-CVU023-NIW-2023-MSMT-1	57366	17324532	0.0038
KGKY-RWB-258-AKK-2023-MSMT-1	56873	17175646	0.0038
KGNG-CVU080-ABN-2023-MSMT-1	55054	16626308	0.0037
KGNG-CVU076-AJT-2023-MSMT-1	54862	16568324	0.0037
KGNG-CVU041-JAS-2023-MSMT-1	54589	16485878	0.0037
KGNG-CVU028-ASF-2023-MSMT-1	55078	16633556	0.0037
KGKY-RWB-257-AMM-2023-MSMT-1	55634	16801468	0.0037
KGKY-RWB-213-SDG-2023-MSMT-1	55765	16841030	0.0037
KGKY-RUG-102-AAE-2023-MSMT-1	54943	16592786	0.0037
KGKY-RUG-059-QEE-2023-MSMT-1	55006	16611812	0.0037
-KGBR-BUT179-EWR-2023-MSMT-1	54484	16454168	0.0037
KGNG-CVU045-ZRA-2023-MSMT-1	53114	16040428	0.0036
KGKY-RWB035-AAA-2023-MSMT-1	53245	16079990	0.0036
KGKY-RWB-247-JJK-2023-MSMT-1	53066	16025932	0.0036
KGKY-RWB-238-NMN-2023-MSMT-1	54285	16394070	0.0036
KGKA-BKG210-ASM-2023-MSMT-1	53823	16254546	0.0036
KGBR-BUT249-EAC-2023-MSMT-1	53149	16050998	0.0036
KGBR-BUT129-EMO-2023-MSMT-1	53443	16139786	0.0036
KGBR-BUT041-WAS-2023-MSMT-1	53794	16245788	0.0036
-KGKY-RWB-189-AAA-2023-MSMT-1	53231	16075762	0.0036
KGNG-CVU060-EFN-2023-MSMT-1	52387	15820874	0.0035
KGKY-RWB-259-DTA-2023-MSMT-1	52749	15930198	0.0035
KGKY-RUG-140-NES-2023-MSMT-1	51650	15598300	0.0035
KGBR-BUT297-DBF-2023-MSMT-1	51459	15540618	0.0035
KGBR-BUT281-NHM-2023-MSMT-1	52492	15852584	0.0035
KGBR-BUT125-AAM-2023-MSMT-1	51858	15661116	0.0035
KGNG-CVU020-YBJ-2023-MSMT-1	50471	15242242	0.0034
KGNG-CVU001-EED-2023-MSMT-1	51205	15463910	0.0034
KGKA-BKG-140-ANM-2023-MSMT-1	51367	15512834	0.0034
KGBR-BUT283-CCZ-2023-MSMT-1	50258	15177916	0.0034
KGBR-BUT229-JMM-2023-MSMT-1	50460	15238920	0.0034
KGBR-BUT002-JJJ-2023-MSMT-1	50815	15346130	0.0034
-KGKY-RWB-211-EAR-2023-MSMT-1	50020	15106040	0.0034
KGNG-CVU131-VJJ-2023-MSMT-1	49853	15055606	0.0033
KGKY-RWB-225-EEE-2023-MSMT-1	49339	14900378	0.0033
KGKY-RUG-133-NAS-2023-MSMT-1	49045	14811590	0.0033
KGKA-BKG213-SSS-2023-MSMT-1	49785	15035070	0.0033
KGKA-BKG-142-LKS-2023-MSMT-1	49479	14942658	0.0033
KGKA-BKG-096-MUM-2023-MSMT-1	49201	14858702	0.0033
KGBR-BUT309-TKS-2023-MSMT-1	49471	14940242	0.0033
KGBR-BUT282-CCR-2023-MSMT-1	49572	14970744	0.0033
KGNG-CVU033-JSS-2023-MSMT-1	48407	14618914	0.0032
KGKY-RWB055-VJM-2023-MSMT-1	47011	14197322	0.0032
KGKY-RUG-132-SAA-2023-MSMT-1	48359	14604418	0.0032
KGKA-BKG237-ASM-2023-MSMT-1	47588	14371576	0.0032
KGKA-BKG-119-BMA-2023-MSMT-1	47019	14199738	0.0032
KGBR-BUT293-ARR-2023-MSMT-1	48452	14632504	0.0032
KGBR-BUT276-AAG-2023-MSMT-1	47216	14259232	0.0032
KGBR-BUT160-MEA-2023-MSMT-1	47221	14260742	0.0032
KGNG-CVU079-SHM-2023-MSMT-1	46087	13918274	0.0031
KGNG-CVU057-GPD-2023-MSMT-1	46005	13893510	0.0031
KGNG-CVU056-MMD-2023-MSMT-1	46558	14060516	0.0031
KGKY-RWB-269-CPT-2023-MSMT-1	46335	13993170	0.0031
KGKY-RUG-131-RIJ-2023-MSMT-1	46600	14073200	0.0031
KGKY-RUG-031-AAA-2023-MSMT-1	46676	14096152	0.0031
KGKA-BKG221-RAB-2023-MSMT-1	45672	13792944	0.0031
KGBR-BUT305-IFJ-2023-MSMT-1	46093	13920086	0.0031
KGBR-BUT216-ATP-2023-MSMT-1	46371	14004042	0.0031
KGBI-KZB-011-MSM-2023-MSMT-1	45673	13793246	0.0031
-KGBR-BUT315-JMB-2023-MSMT-1	46480	14036960	0.0031
KGNG-CVU100-AAA-2023-MSMT-1	44960	13577920	0.003
KGNG-CVU061-NDJ-2023-MSMT-1	45217	13655534	0.003
KGNG-CVU025-YYA-2023-MSMT-1	45112	13623824	0.003
KGKY-RUG-066-AAW-2023-MSMT-1	44414	13413028	0.003
KGKA-BKG-044-VJJ-2023-MSMT-1	44077	13311254	0.003
KGBR-BUT033-AAD-2023-MSMT-1	44955	13576410	0.003
KGNG-CVU121-BEE-2023-MSMT-1	42896	12954592	0.0029
KGNG-CVU010-IBB-2023-MSMT-1	43718	13202836	0.0029
KGKY-RUG-136-RPK-2023-MSMT-1	43556	13153912	0.0029
KGKA-BKG-141-RAL-2023-MSMT-1	42693	12893286	0.0029
KGKA-BKG-067-SDW-2023-MSMT-1	42594	12863388	0.0029
KGKA-BKG-066-LAR-2023-MSMT-1	42976	12978752	0.0029
KGBR-BUT287-WWR-2023-MSMT-1	43464	13126128	0.0029
KGBR-BUT172-AKM-2023-MSMT-1	43027	12994154	0.0029
KGBR-BUT130-SAJ-2023-MSMT-1	42576	12857952	0.0029
KGKY-RUG-071-AWK-2023-MSMT-1	42151	12729602	0.0028
KGKY-RUG-045-AAK-2023-MSMT-1	42368	12795136	0.0028
KGKA-BKG-131-SMR-2023-MSMT-1	41121	12418542	0.0028
KGBR-BUT300-RAS-2023-MSMT-1	41821	12629942	0.0028
KGBR-BUT276-JAW-2023-MSMT-1	41472	12524544	0.0028
KGBR-BUT228-PNR-2023-MSMT-1	41717	12598534	0.0028
KGBR-BUT080-ATD-2023-MSMT-1	41605	12564710	0.0028
KGBR-BUT036-JAE-2023-MSMT-1	42263	12763426	0.0028
KGNG-CVU133-SJA-2023-MSMT-1	40775	12314050	0.0027
KGNG-CVU062-NEY-2023-MSMT-1	40534	12241268	0.0027
KGKY-RWB-231-ATD-2023-MSMT-1	40500	12231000	0.0027
KGKY-RUG-119-ADK-2023-MSMT-1	40536	12241872	0.0027
KGKY-RUG-112-CPR-2023-MSMT-1	39993	12077886	0.0027
KGKA-BKG-175-AMA-2023-MSMT-1	39876	12042552	0.0027
KGKA-BKG-042-TTK-2023-MSMT-1	40246	12154292	0.0027
KGBR-BUT286-JKV-2023-MSMT-1	39663	11978226	0.0027
KGNG-CVU029-GGN-2023-MSMT-1	38747	11701594	0.0026
KGKY-RWB-265-DSJ-2023-MSMT-1	38194	11534588	0.0026
KGKY-RWB-261-EDK-2023-MSMT-1	38302	11567204	0.0026
KGKY-RWB-260-MSA-2023-MSMT-1	38064	11495328	0.0026
KGKY-RUG-122-LGF-2023-MSMT-1	38773	11709446	0.0026
KGKY-RUG-052-RRK-2023-MSMT-1	38040	11488080	0.0026
KGBR-BUT169-MKT-2023-MSMT-1	38730	11696460	0.0026
KGBR-BUT081-EMN-2023-MSMT-1	38874	11739948	0.0026
KGBR-BUT032-CKC-2023-MSMT-1	38683	11682266	0.0026
KGNG-CVU005-MDS-2023-MSMT-1	37539	11336778	0.0025
KGKY-RUG-123-FGF-2023-MSMT-1	36696	11082192	0.0025
KGKA-BKG-082-KNS-2023-MSMT-1	37435	11305370	0.0025
KGBR-BUT288-MWR-2023-MSMT-1	37706	11387212	0.0025
KGBR-BUT223-AAR-2023-MSMT-1	36766	11103332	0.0025
KGBR-BUT215-DJW-2023-MSMT-1	38015	11480530	0.0025
KGBR-BUT155-AJI-2023-MSMT-1	37528	11333456	0.0025
KGBR-BUT086-RAF-2023-MSMT-1	37306	11266412	0.0025
KGNG-CVU008-JBP-2023-MSMT-1	36211	10935722	0.0024
KGKY-RWB059-ETA-2023-MSMT-1	35711	10784722	0.0024
KGKY-RUG-049-JMK-2023-MSMT-1	36077	10895254	0.0024
KGKA-BKG239-AMD-2023-MSMT-1	35132	10609864	0.0024
KGKA-BKG186-LEE187-MEF-2023-MSMT-1	35206	10632212	0.0024
KGKA-BKG-099-JSK-2023-MSMT-1	35283	10655466	0.0024
KGBR-BUT037-KKE-2023-MSMT-1	35469	10711638	0.0024
KGNG-CVU021-GJJ-2023-MSMT-1	34832	10519264	0.0023
KGKY-RWB-264-ASK-2023-MSMT-1	33955	10254410	0.0023
KGKY-RWB-212-AMM-2023-MSMT-1	34307	10360714	0.0023
KGKY-RUG-134-LAJ-2023-MSMT-1	35016	10574832	0.0023
KGKA-BKG-020-BMA-2023-MSMT-1	34749	10494198	0.0023
KGBR-BUT311-DDD-2023-MSMT-1	33859	10225418	0.0023
KGBR-BUT204-LTL-2023-MSMT-1	35028	10578456	0.0023
KGBR-BUT185-VKF-2023-MSMT-1	33654	10163508	0.0023
KGBR-BUT116-SSB-2023-MSMT-1	34257	10345614	0.0023
KGBI-KZB-021-MBH-2023-MSMT-1	34597	10448294	0.0023
DD2-2023-MSMT-6	33680	10171360	0.0023
KGKY-RWB-224-GGW-2023-MSMT-1	32767	9895634	0.0022
KGKY-RUG-109-LKB-2023-MSMT-1	32751	9890802	0.0022
KGKY-RUG-103-EAE-2023-MSMT-1	32644	9858488	0.0022
KGKA-BKG238-CSM-2023-MSMT-1	33557	10134214	0.0022
KGKA-BKG-026-JBS-2023-MSMT-1	32981	9960262	0.0022
KGBR-BUT192-NAY-2023-MSMT-1	32209	9727118	0.0022
KGBR-BUT141-KET-2023-MSMT-1	33517	10122134	0.0022
KGBR-BUT016-JNN-2023-MSMT-1	32736	9886272	0.0022
KGBI-KZB-024-AMM-2023-MSMT-1	32976	9958752	0.0022
KGKA-BKG-118-OPM-2023-MSMT-1	30835	9312170	0.0021
KGKA-BKG-060-IEC-2023-MSMT-1	31310	9455620	0.0021
KGBR-BUT234-RKR-2023-MSMT-1	31752	9589104	0.0021
KGBR-BUT072-AKW-2023-MSMT-1	30619	9246938	0.0021
KGKY-RWB148-DJM-2023-MSMT-1	30151	9105602	0.002
KGKY-RWB023-SZS-2023-MSMT-1	29614	8943428	0.002
KGBR-BUT290-JJA-2023-MSMT-1	29294	8846788	0.002
KGBR-BUT143-KRR-2023-MSMT-1	29210	8821420	0.002
KGBR-BUT121-VAJ-2023-MSMT-1	29695	8967890	0.002
KGBR-BUT065-RKS-2023-MSMT-1	29187	8814474	0.002
KGKY-RUG-104-EAB-2023-MSMT-1	28626	8645052	0.0019
KGKA-BKG202-EEE-2023-MSMT-1	27766	8385332	0.0019
KGKA-BKG-023-DDB-2023-MSMT-1	27785	8391070	0.0019
KGBR-BUT289-EAJ-2023-MSMT-1	29057	8775214	0.0019
KGBR-BUT165-MAR-2023-MSMT-1	27593	8333086	0.0019
DD2-2023-MSMT-8	27698	8364796	0.0019
KGKA-BKG-058-LMA-2023-MSMT-1	26279	7936258	0.0018
KGBR-BUT236-ETN-2023-MSMT-1	26322	7949244	0.0018
KGBR-BUT082-ETA-2023-MSMT-1	27203	8215306	0.0018
KGBI-KZB-028-KEJ-2023-MSMT-1	26156	7899112	0.0018
DD2-2023-MSMT-14	26961	8142222	0.0018
KGNG-CVU128-REE-2023-MSMT-1	25874	7813948	0.0017
KGNG-CVU107-JAE-2023-MSMT-1	25427	7678954	0.0017
KGKY-RUG-018-JJA-2023-MSMT-1	25972	7843544	0.0017
KGKA-BKG240-EEP-2023-MSMT-1	24865	7509230	0.0017
KGKA-BKG227-AML-2023-MSMT-1	25619	7736938	0.0017
KGKA-BKG-139-DNM-2023-MSMT-1	25189	7607078	0.0017
KGKA-BKG-087-AEM-2023-MSMT-1	25875	7814250	0.0017
KGKA-BKG-034-SRS-2023-MSMT-1	25589	7727878	0.0017
KGBR-BUT243-MKE-2023-MSMT-1	25880	7815760	0.0017
KGBR-BUT174-EEK-2023-MSMT-1	24884	7514968	0.0017
KGBR-BUT047-RKY-2023-MSMT-1	25971	7843242	0.0017
DD2-2023-MSMT-16	25268	7630936	0.0017
-KGBR-BUT273-MNA-2023-MSMT-1	25964	7841128	0.0017
KGKY-RWB-226-LKK-2023-MSMT-1	24425	7376350	0.0016
KGBR-BUT303-JAP-2023-MSMT-1	24104	7279408	0.0016
KGBR-BUT244-EAE-2023-MSMT-1	24364	7357928	0.0016
KGBR-BUT051-BKE-2023-MSMT-1	23742	7170084	0.0016
DD2-2023-MSMT-13	23674	7149548	0.0016
KGNG-CVU002-APM-2023-MSMT-1	22926	6923652	0.0015
KGKY-RWB080-ADA-2023-MSMT-1	22265	6724030	0.0015
KGKA-BKG197-AVP-2023-MSMT-1	21923	6620746	0.0015
KGBR-BUT087-IAM-2023-MSMT-1	22726	6863252	0.0015
KGBR-BUT046-SKH-2023-MSMT-1	21680	6547360	0.0015
KGKY-RUG-128-PBM-2023-MSMT-1	20534	6201268	0.0014
KGKY-RUG-113-APR-2023-MSMT-1	20216	6105232	0.0014
KGKY-RUG-040-ASL-2023-MSMT-1	21488	6489376	0.0014
KGKA-BKG235-VKS-2023-MSMT-1	21215	6406930	0.0014
KGKA-BKG200-AOB-2023-MSMT-1	20602	6221804	0.0014
KGBR-BUT307-KAJ-2023-MSMT-1	20268	6120936	0.0014
KGBR-BUT175-ETF-2023-MSMT-1	21141	6384582	0.0014
KGBR-BUT167-ICA-2023-MSMT-1	20623	6228146	0.0014
DD2-2023-MSMT-7	20311	6133922	0.0014
DD2-2023-MSMT-15	21067	6362234	0.0014
KGNG-CVU007-DDM-2023-MSMT-1	19970	6030940	0.0013
KGKY-RWB077-ADL-2023-MSMT-1	19836	5990472	0.0013
KGKY-RWB-228-AJF-2023-MSMT-1	18745	5660990	0.0013
KGKA-BKG203-ZBR-2023-MSMT-1	20076	6062952	0.0013
KGBR-BUT309-RKS-2023-MSMT-1	20074	6062348	0.0013
KGBR-BUT275-DAM-2023-MSMT-1	19084	5763368	0.0013
KGBR-BUT221-EAA-2023-MSMT-1	19584	5914368	0.0013
KGBR-BUT154-LAA-2023-MSMT-1	18824	5684848	0.0013
DD2-2023-MSMT-5	19216	5803232	0.0013
KGNG-CVU148-ADM-2023-MSMT-1	18515	5591530	0.0012
KGKY-RWB015-SZF-2023-MSMT-1	17848	5390096	0.0012
KGKY-RUG-079-JJN-2023-MSMT-1	17636	5326072	0.0012
KGKA-BKG234-AMS-2023-MSMT-1	18461	5575222	0.0012
KGBR-BUT312-RRR-2023-MSMT-1	18114	5470428	0.0012
KGBR-BUT268-JEG-2023-MSMT-1	17238	5205876	0.0012
KGBR-BUT083-TAA-2023-MSMT-1	17423	5261746	0.0012
3D7-2023-MSMT-6	17809	5378318	0.0012
KGKY-RWB032-AEP-2023-MSMT-1	15869	4792438	0.0011
KGKY-RUG-055-AAF-2023-MSMT-1	16454	4969108	0.0011
KGKY-RUG-024-ESC-2023-MSMT-1	16670	5034340	0.0011
KGKA-BKG-032-EEE-2023-MSMT-1	16728	5051856	0.0011
KGBR-BUT242-NGB-2023-MSMT-1	17135	5174770	0.0011
KGBR-BUT085-AAP-2023-MSMT-1	15944	4815088	0.0011
KGKY-RWB-294-HPP-2023-MSMT-1	14304	4319808	0.001
KGKY-RWB-284-AJV-2023-MSMT-1	14345	4332190	0.001
KGKY-RUG-098-MLP-2023-MSMT-1	14446	4362692	0.001
KGKY-RUG-080-TLL-2023-MSMT-1	14604	4410408	0.001
KGKY-RUG-047-RLP-2023-MSMT-1	14910	4502820	0.001
KGKA-BKG211-AWW-2023-MSMT-1	14774	4461748	0.001
KGKA-BKG206-JNN-2023-MSMT-1	15492	4678584	0.001
KGKA-BKG188-NBB-2023-MSMT-1	15366	4640532	0.001
KGKA-BKG-124-ADP-2023-MSMT-1	14728	4447856	0.001
KGKA-BKG-122-AAD-2023-MSMT-1	15040	4542080	0.001
KGKA-BKG-098-APJ-2023-MSMT-1	14190	4285380	0.001
KGBR-BUT274-MNA-2023-MSMT-1	14382	4343364	0.001
KGBR-BUT265-EKE-2023-MSMT-1	14670	4430340	0.001
KGBR-BUT057-JAN-2023-MSMT-1	14413	4352726	0.001
3D7-2023-MSMT-14	14184	4283568	0.001
3D7-2023-MSMT-12	14813	4473526	0.001
KGKY-RWB109-TPM-2023-MSMT-1	12794	3863788	0.0009
KGKY-RWB104-RSA-2023-MSMT-1	13964	4217128	0.0009
KGKY-RUG-099-CVF-2023-MSMT-1	13219	3992138	0.0009
KGKY-RUG-094-JMP-2023-MSMT-1	12844	3878888	0.0009
KGKY-RUG-081-PVA-2023-MSMT-1	12852	3881304	0.0009
KGKY-RUG-076-PAP--2023-MSMT-1	13006	3927812	0.0009
KGKY-RUG-016-EJS-2023-MSMT-1	13388	4043176	0.0009
KGKA-BKG228-SMP-2023-MSMT-1	12984	3921168	0.0009
KGBR-BUT294-FDB-2023-MSMT-1	14041	4240382	0.0009
KGBR-BUT156-NIN-2023-MSMT-1	13621	4113542	0.0009
KGBR-BUT149-BBB-2023-MSMT-1	13298	4015996	0.0009
KGBR-BUT100-EAS-2023-MSMT-1	12998	3925396	0.0009
KGBR-BUT020-SRK-2023-MSMT-1	14038	4239476	0.0009
KGBI-KZB-005-KSH-2023-MSMT-1	12852	3881304	0.0009
KGNG-CVU050-SEM-2023-MSMT-1	11601	3503502	0.0008
KGKY-RUG-120-AVS-2023-MSMT-1	12239	3696178	0.0008
KGKY-RUG-117-AMK-2023-MSMT-1	11856	3580512	0.0008
KGKY-RUG-035-JBR-2023-MSMT-1	12446	3758692	0.0008
KGBR-BUT253-ASR-2023-MSMT-1	11739	3545178	0.0008
KGBR-BUT246-HKS-2023-MSMT-1	11840	3575680	0.0008
KGBI-KZB-020-MLC-2023-MSMT-1	11920	3599840	0.0008
KGBI-KZB-013-BVM-2023-MSMT-1	12259	3702218	0.0008
KGBI-KZB-010-MSR-2023-MSMT-1	11767	3553634	0.0008
3D7-2023-MSMT-9	11836	3574472	0.0008
3D7-2023-MSMT-16	11205	3383910	0.0008
3D7-2023-MSMT-13	11959	3611618	0.0008
KGNG-CVU047-AMD-2023-MSMT-1	10299	3110298	0.0007
KGNG-CVU037-SLK-2023-MSMT-1	10428	3149256	0.0007
KGKY-RWB123-DMJ-2023-MSMT-1	10459	3158618	0.0007
KGKY-RWB-293-AZP-2023-MSMT-1	10248	3094896	0.0007
KGKY-RWB-291-HZA-2023-MSMT-1	10626	3209052	0.0007
KGKY-RWB-186-FWO-2023-MSMT-1	10146	3064092	0.0007
KGKY-RUG-085-AFS-2023-MSMT-1	9839	2971378	0.0007
KGKY-RUG-034-DRM-2023-MSMT-1	10780	3255560	0.0007
KGBR-BUT102-RBY-2023-MSMT-1	10873	3283646	0.0007
KGBR-BUT017-NAM-2023-MSMT-1	10837	3272774	0.0007
KGBI-KZB-038-YIC-2023-MSMT-1	10105	3051710	0.0007
KGBI-KZB-033-ARD-2023-MSMT-1	11102	3352804	0.0007
3D7-2023-MSMT-8	10033	3029966	0.0007
3D7-2023-MSMT-7	10130	3059260	0.0007
3D7-2023-MSMT-5	10158	3067716	0.0007
3D7-2023-MSMT-15	10812	3265224	0.0007
3D7-2023-MSMT-11	9956	3006712	0.0007
3D7-2023-MSMT-10	10172	3071944	0.0007
KGNG-CVU031-AJJ-2023-MSMT-1	9253	2794406	0.0006
KGNG-CVU009-JWS-2023-MSMT-1	9055	2734610	0.0006
KGKY-RWB117-FMF-2023-MSMT-1	9501	2869302	0.0006
KGKY-RWB020-PRS-2023-MSMT-1	9296	2807392	0.0006
KGKY-RWB-292-PPA-2023-MSMT-1	9560	2887120	0.0006
KGKY-RWB-285-AHN-2023-MSMT-1	9428	2847256	0.0006
KGKY-RWB-087-AAF-2023-MSMT-1	8380	2530760	0.0006
KGKY-RUG-095-JIP-2023-MSMT-1	9313	2812526	0.0006
KGKY-RUG-092-JMN-2023-MSMT-1	9059	2735818	0.0006
KGKY-RUG-088-ETJ-2023-MSMT-1	8905	2689310	0.0006
KGKY-RUG-061-BDL-2023-MSMT-1	9298	2807996	0.0006
KGKA-BKG-083-LES-2023-MSMT-1	8599	2596898	0.0006
KGBR-BUT252-NMB-2023-MSMT-1	9219	2784138	0.0006
KGBR-BUT200-AAP-2023-MSMT-1	8935	2698370	0.0006
KGBR-BUT029-SAS-2023-MSMT-1	8951	2703202	0.0006
DD2-2023-MSMT-4	9023	2724946	0.0006
3D7-2023-MSMT-4	9613	2903126	0.0006
3D7-2023-MSMT-2	8953	2703806	0.0006
3D7-2023-MSMT-1	9032	2727664	0.0006
NTC-2023-MSMT-6	6760	2041520	0.0005
KGNG-CVU039-VJG-2023-MSMT-1	8087	2442274	0.0005
KGKY-RWB-218-DDT-2023-MSMT-1	6787	2049674	0.0005
KGKY-RUG-101-NSB-2023-MSMT-1	7699	2325098	0.0005
KGKY-RUG-097-AJC-2023-MSMT-1	7905	2387310	0.0005
KGKA-BKG217-MJP-2023-MSMT-1	7123	2151146	0.0005
KGKA-BKG183-NYM-2023-MSMT-1	8090	2443180	0.0005
KGKA-BKG-045-JJJ-2023-MSMT-1	7877	2378854	0.0005
KGKA-BKG-028-PSM-2023-MSMT-1	7614	2299428	0.0005
KGBR-BUT313-NNK-2023-MSMT-1	8046	2429892	0.0005
KGBR-BUT269-JAG-2023-MSMT-1	7528	2273456	0.0005
KGBR-BUT217-SKO-2023-MSMT-1	7234	2184668	0.0005
KGBR-BUT089-RKJ-2023-MSMT-1	7636	2306072	0.0005
KGBR-BUT035-EKG-2023-MSMT-1	7294	2202788	0.0005
DD2-2023-MSMT-12	7761	2343822	0.0005
3D7-2023-MSMT-3	7663	2314226	0.0005
NTC-2023-MSMT-5	5302	1601204	0.0004
KGNG-CVU151-RLR-2023-MSMT-1	5889	1778478	0.0004
KGNG-CVU126-MDP-2023-MSMT-1	5831	1760962	0.0004
KGNG-CVU124-MAD-2023-MSMT-1	6281	1896862	0.0004
KGNG-CVU098-ONB-2023-MSMT-1	5411	1634122	0.0004
KGNG-CVU091-ILL-2023-MSMT-1	5283	1595466	0.0004
KGNG-CVU090-JJJ-2023-MSMT-1	5278	1593956	0.0004
KGNG-CVU048-BOV-2023-MSMT-1	6105	1843710	0.0004
KGNG-CVU046-NJG-2023-MSMT-1	5584	1686368	0.0004
KGNG-CVU038-HYE-2023-MSMT-1	5229	1579158	0.0004
KGNG-CVU-102-ATJ-2023-MSMT-1	6240	1884480	0.0004
KGKY-RWB105-EEC-2023-MSMT-1	5801	1751902	0.0004
KGKY-RWB041-YFJ-2023-MSMT-1	6626	2001052	0.0004
KGKY-RWB036-ASG-2023-MSMT-1	5554	1677308	0.0004
KGKY-RWB029-ADT-2023-MSMT-1	5226	1578252	0.0004
KGKY-RWB-290-BSB-2023-MSMT-1	6053	1828006	0.0004
KGKY-RWB-217-FAD-2023-MSMT-1	6579	1986858	0.0004
KGKY-RWB-149-AHK-2023-MSMT-1	5433	1640766	0.0004
KGKY-RUG-130-ESV-2023-MSMT-1	6361	1921022	0.0004
KGKY-RUG-125-ANP-2023-MSMT-1	6182	1866964	0.0004
KGKY-RUG-124-APP-2023-MSMT-1	5244	1583688	0.0004
KGKY-RUG-121-AMJ-2023-MSMT-1	6709	2026118	0.0004
KGKY-RUG-100-ASB-2023-MSMT-1	5315	1605130	0.0004
KGKY-RUG-033-JJK-2023-MSMT-1	6117	1847334	0.0004
KGKY-RUG-027-MCK-2023-MSMT-1	5445	1644390	0.0004
KGKY-RUG-023-AAB-2023-MSMT-1	6609	1995918	0.0004
KGKA-BKG219-SRS-2023-MSMT-1	5960	1799920	0.0004
KGKA-BKG199-DMR-2023-MSMT-1	6166	1862132	0.0004
KGKA-BKG-160-SKA-2023-MSMT-1	6015	1816530	0.0004
KGKA-BKG-107-SMP-2023-MSMT-1	6459	1950618	0.0004
KGKA-BKG-059-ACK-2023-MSMT-1	6279	1896258	0.0004
KGBR-BUT316-AAM-2023-MSMT-1	5539	1672778	0.0004
KGBR-BUT184-VAJ-2023-MSMT-1	5963	1800826	0.0004
KGBR-BUT10-MSN-2023-MSMT-1	6494	1961188	0.0004
KGBR-BUT099-ARA-2023-MSMT-1	6265	1892030	0.0004
KGBI-KZB-007-KKC-2023-MSMT-1	6536	1973872	0.0004
DD2-2023-MSMT-9	5443	1643786	0.0004
DD2-2023-MSMT-2	5644	1704488	0.0004
DD2-2023-MSMT-10	5441	1643182	0.0004
DD2-2023-MSMT-1	5294	1598788	0.0004
NTC-2023-MSMT-8	4840	1461680	0.0003
NTC-2023-MSMT-7	4175	1260850	0.0003
NTC-2023-MSMT-4	5191	1567682	0.0003
NTC-2023-MSMT-1	4128	1246656	0.0003
KGNG-CVU144-CFG-2023-MSMT-1	5076	1532952	0.0003
KGNG-CVU141-ODY-2023-MSMT-1	4171	1259642	0.0003
KGNG-CVU139-EMA-2023-MSMT-1	4596	1387992	0.0003
KGNG-CVU138-DFD-2023-MSMT-1	4302	1299204	0.0003
KGNG-CVU136-ZSD-2023-MSMT-1	4808	1452016	0.0003
KGNG-CVU125-AGA-2023-MSMT-1	4701	1419702	0.0003
KGNG-CVU118-EDD-2023-MSMT-1	5208	1572816	0.0003
KGNG-CVU117-NNJ-2023-MSMT-1	4585	1384670	0.0003
KGNG-CVU113-AAA-2023-MSMT-1	4948	1494296	0.0003
KGNG-CVU110-EJI-2023-MSMT-1	4070	1229140	0.0003
KGNG-CVU109-LEE-2023-MSMT-1	4081	1232462	0.0003
KGNG-CVU096-SIS-2023-MSMT-1	4017	1213134	0.0003
KGNG-CVU095-JNB-2023-MSMT-1	4104	1239408	0.0003
KGNG-CVU094-JNA-2023-MSMT-1	4336	1309472	0.0003
KGNG-CVU093-AJJ-2023-MSMT-1	4750	1434500	0.0003
KGNG-CVU092-JJJ-2023-MSMT-1	4894	1477988	0.0003
KGNG-CVU049-NJJ-2023-MSMT-1	3898	1177196	0.0003
KGNG-CVU032-AAS-2023-MSMT-1	5198	1569796	0.0003
KGNG-CVU-145-YBJ-2023-MSMT-1	4904	1481008	0.0003
KGKY-RWB102-ANB-2023-MSMT-1	3874	1169948	0.0003
KGKY-RWB075-EEJ-2023-MSMT-1	4831	1458962	0.0003
KGKY-RWB068-EDB-2023-MSMT-1	3746	1131292	0.0003
KGKY-RWB-252-VIC-2023-MSMT-1	4808	1452016	0.0003
KGKY-RWB-244-SAS-2023-MSMT-1	4966	1499732	0.0003
KGKY-RWB-240-KJA-2023-MSMT-1	4399	1328498	0.0003
KGKY-RWB-183-EEF-2023-MSMT-1	4370	1319740	0.0003
KGKY-RUG-139-MCE-2023-MSMT-1	4532	1368664	0.0003
KGKY-RUG-138-BEM-2023-MSMT-1	4671	1410642	0.0003
KGKY-RUG-135-REE-2023-MSMT-1	4056	1224912	0.0003
KGKY-RUG-127-AED-2023-MSMT-1	4633	1399166	0.0003
KGKY-RUG-096-ELS-2023-MSMT-1	3733	1127366	0.0003
KGKY-RUG-083-LJK-2023-MSMT-1	3993	1205886	0.0003
KGKY-RUG-062-FWR-2023-MSMT-1	5064	1529328	0.0003
KGKY-RUG-054-JJE-2023-MSMT-1	3860	1165720	0.0003
KGKY-RUG-048-HAB-2023-MSMT-1	4954	1496108	0.0003
KGKY-RUG-037-JEJ-2023-MSMT-1	4832	1459264	0.0003
KGKY-RUG-017-RSD-2023-MSMT-1	4141	1250582	0.0003
KGKA-RWB131-EST-2023-MSMT-1	4973	1501846	0.0003
KGKA-BKG241-PBR-2023-MSMT-1	4691	1416682	0.0003
KGKA-BKG209-AYC-2023-MSMT-1	3834	1157868	0.0003
KGKA-BKG-165-FAM-2023-MSMT-1	4457	1346014	0.0003
KGKA-BKG-147-RAR-2023-MSMT-1	3733	1127366	0.0003
KGKA-BKG-146-RKC-2023-MSMT-1	3911	1181122	0.0003
KGKA-BKG-144-DDD-2023-MSMT-1	3766	1137332	0.0003
KGKA-BKG-097-NRW-2023-MSMT-1	3734	1127668	0.0003
KGKA-BKG-063-MKN-2023-MSMT-1	4290	1295580	0.0003
KGKA-BKG-055-ARY-2023-MSMT-1	3982	1202564	0.0003
KGKA-BKG-017-EMK-2023-MSMT-1	3894	1175988	0.0003
KGBR-BUT262-LMJ-2023-MSMT-1	4143	1251186	0.0003
KGBR-BUT261-VMG-2023-MSMT-1	4716	1424232	0.0003
KGBR-BUT218-ANH-2023-MSMT-1	4078	1231556	0.0003
KGBR-BUT205-LAB-2023-MSMT-1	4662	1407924	0.0003
KGBR-BUT14-JAJ-2023-MSMT-1	4241	1280782	0.0003
KGBR-BUT126-EPK-2023-MSMT-1	4864	1468928	0.0003
KGBR-BUT112-AAC-2023-MSMT-1	3736	1128272	0.0003
KGBR-BUT024-EKE-2023-MSMT-1	5024	1517248	0.0003
KGBI-KZB-029-JSM-2023-MSMT-1	4291	1295882	0.0003
GKY-RUG-056-AJF-2023-MSMT-1	4077	1231254	0.0003
DD2-2023-MSMT-3	3927	1185954	0.0003
DD2-2023-MSMT-11	5033	1519966	0.0003
-KGKY-RWB-232-AAT-2023-MSMT-1	3837	1158774	0.0003
negative-extract-control-2023-MSMT-8	2352	710304	0.0002
negative-extract-control-2023-MSMT-6	3313	1000526	0.0002
negative-extract-control-2023-MSMT-4	2292	692184	0.0002
negative-extract-control-2023-MSMT-2	3370	1017740	0.0002
negative-extract-control-2023-MSMT-1	2521	761342	0.0002
NTC-2023-MSMT-3	3713	1121326	0.0002
NTC-2023-MSMT-2	3437	1037974	0.0002
KGNG-CVU162-DPK-2023-MSMT-1	3432	1036464	0.0002
KGNG-CVU161-ODD-2023-MSMT-1	3313	1000526	0.0002
KGNG-CVU157-SKK-2023-MSMT-1	3192	963984	0.0002
KGNG-CVU155-ENN-2023-MSMT-1	2325	702150	0.0002
KGNG-CVU154-UIM-2023-MSMT-1	3059	923818	0.0002
KGNG-CVU147-ISM-2023-MSMT-1	2916	880632	0.0002
KGNG-CVU143-JKZ-2023-MSMT-1	3259	984218	0.0002
KGNG-CVU142-DDJ-2023-MSMT-1	3585	1082670	0.0002
KGNG-CVU140-ABB-2023-MSMT-1	3517	1062134	0.0002
KGNG-CVU137-DML-2023-MSMT-1	2952	891504	0.0002
KGNG-CVU123-JAP-2023-MSMT-1	2328	703056	0.0002
KGNG-CVU120-VMJ-2023-MSMT-1	2827	853754	0.0002
KGNG-CVU119-NNA-2023-MSMT-1	3090	933180	0.0002
KGNG-CVU116-NJN-2023-MSMT-1	2642	797884	0.0002
KGNG-CVU111-JJI-2023-MSMT-1	2947	889994	0.0002
KGNG-CVU108-NJE-2023-MSMT-1	2817	850734	0.0002
KGNG-CVU105-NFI-2023-MSMT-1	3650	1102300	0.0002
KGNG-CVU101-EEA-2023-MSMT-1	2452	740504	0.0002
KGNG-CVU099-LEJ-2023-MSMT-1	2942	888484	0.0002
KGNG-CVU097-NEJ-2023-MSMT-1	3686	1113172	0.0002
KGNG-CVU089-HFF-2023-MSMT-1	3616	1092032	0.0002
KGNG-CVU088-SSN-2023-MSMT-1	2452	740504	0.0002
KGNG-CVU086-MZK-2023-MSMT-1	2678	808756	0.0002
KGNG-CVU085-JDM-2023-MSMT-1	2758	832916	0.0002
KGNG-CVU084-HFJ-2023-MSMT-1	3195	964890	0.0002
KGNG-CVU083-MMB-2023-MSMT-1	2856	862512	0.0002
KGNG-CVU082-BEN-2023-MSMT-1	2751	830802	0.0002
KGNG-CVU078-KWJ-2023-MSMT-1	2484	750168	0.0002
KGNG-CVU072-EAA-2023-MSMT-1	2834	855868	0.0002
KGNG-CVU070-AIE-2023-MSMT-1	3050	921100	0.0002
KGNG-CVU067-PMN-2023-MSMT-1	3235	976970	0.0002
KGNG-CVU065-NJM-2023-MSMT-1	2602	785804	0.0002
KGNG-CVU064-AEF-2023-MSMT-1	2411	728122	0.0002
KGNG-CVU051-AAJ-2023-MSMT-1	2530	764060	0.0002
KGNG-CVU044-AIR-2023-MSMT-1	3445	1040390	0.0002
KGNG-CVU042-EKJ-2023-MSMT-1	2364	713928	0.0002
KGNG-CVU035-RGB-2023-MSMT-1	2992	903584	0.0002
KGNG-CVU019-MGO-2023-MSMT-1	2304	695808	0.0002
KGNG-CVU017-NAH-2023-MSMT-1	2543	767986	0.0002
KGKY-RWB128-SSG-2023-MSMT-1	3659	1105018	0.0002
KGKY-RWB122-FKP-2023-MSMT-1	3287	992674	0.0002
KGKY-RWB118-JAM-2023-MSMT-1	2826	853452	0.0002
KGKY-RWB103-CCK-2023-MSMT-1	2377	717854	0.0002
KGKY-RWB101-ATM-2023-MSMT-1	3536	1067872	0.0002
KGKY-RWB092-ASE-2023-MSMT-1	2673	807246	0.0002
KGKY-RWB074-ARP-2023-MSMT-1	2507	757114	0.0002
KGKY-RWB049-ZAS-2023-MSMT-1	2828	854056	0.0002
KGKY-RWB033-JWK-2023-MSMT-1	2466	744732	0.0002
KGKY-RWB028-CJR-2023-MSMT-1	3226	974252	0.0002
KGKY-RWB026-MGP-2023-MSMT-1	2464	744128	0.0002
KGKY-RWB014-EJS-2023-MSMT-1	2306	696412	0.0002
KGKY-RWB-239-MMA-2023-MSMT-1	3630	1096260	0.0002
KGKY-RWB-236-MTM-2023-MSMT-1	3531	1066362	0.0002
KGKY-RWB-227-TBC-2023-MSMT-1	3151	951602	0.0002
KGKY-RWB-203-RFJ-2023-MSMT-1	2875	868250	0.0002
KGKY-RWB-179-JJM-2023-MSMT-1	2269	685238	0.0002
KGKY-RWB-076-ART-2023-MSMT-1	2336	705472	0.0002
KGKY-RWB-012-ARS-2023-MSMT-1	2936	886672	0.0002
KGKY-RUG-141-VMA-2023-MSMT-1	3582	1081764	0.0002
KGKY-RUG-137-FNA-2023-MSMT-1	2434	735068	0.0002
KGKY-RUG-114-CSP-2023-MSMT-1	3518	1062436	0.0002
KGKY-RUG-111-OKS-2023-MSMT-1	2967	896034	0.0002
KGKY-RUG-107-NNP-2023-MSMT-1	2276	687352	0.0002
KGKY-RUG-106-JNP-2023-MSMT-1	2491	752282	0.0002
KGKY-RUG-091-NSM-2023-MSMT-1	2285	690070	0.0002
KGKY-RUG-073-DEM-2023-MSMT-1	2336	705472	0.0002
KGKY-RUG-072-JJJ-2023-MSMT-1	2527	763154	0.0002
KGKY-RUG-068-NSS-2023-MSMT-1	2516	759832	0.0002
KGKY-RUG-067-FNA-2023-MSMT-1	2759	833218	0.0002
KGKY-RUG-060-RPC-2023-MSMT-1	2620	791240	0.0002
KGKY-RUG-050-EGN-2023-MSMT-1	2816	850432	0.0002
KGKY-RUG-046-AAA-2023-MSMT-1	2752	831104	0.0002
KGKY-RUG-036-LLK-2023-MSMT-1	2524	762248	0.0002
KGKY-RUG-029-FSA-2023-MSMT-1	2962	894524	0.0002
KGKY-RUG-026-AAA-2023-MSMT-1	3201	966702	0.0002
KGKY-RUG-014-SAA-2023-MSMT-1	3683	1112266	0.0002
KGKAYRWB-174-MF-2023-MSMT-1	3594	1085388	0.0002
KGKA-RWB136-PSD-2023-MSMT-1	2626	793052	0.0002
KGKA-BKG236-LTW-2023-MSMT-1	2499	754698	0.0002
KGKA-BKG233-CPK-2023-MSMT-1	2259	682218	0.0002
KGKA-BKG232-HMM-2023-MSMT-1	2470	745940	0.0002
KGKA-BKG224-VRM-2023-MSMT-1	2438	736276	0.0002
KGKA-BKG187-MEF-2023-MSMT-1	3170	957340	0.0002
KGKA-BKG-176-MKW-2023-MSMT-1	3120	942240	0.0002
KGKA-BKG-174-MJM-2023-MSMT-1	3042	918684	0.0002
KGKA-BKG-163-DYI-2023-MSMT-1	2325	702150	0.0002
KGKA-BKG-161-DFZ-2023-MSMT-1	2452	740504	0.0002
KGKA-BKG-157-ONO-2023-MSMT-1	2832	855264	0.0002
KGKA-BKG-149-CCG-2023-MSMT-1	3013	909926	0.0002
KGKA-BKG-145-ANR-2023-MSMT-1	3060	924120	0.0002
KGKA-BKG-143-MAK-2023-MSMT-1	2649	799998	0.0002
KGKA-BKG-138-AEJ-2023-MSMT-1	3624	1094448	0.0002
KGKA-BKG-123-DFD-2023-MSMT-1	3667	1107434	0.0002
KGKA-BKG-120-NKL-2023-MSMT-1	2441	737182	0.0002
KGKA-BKG-110-EKA-2023-MSMT-1	2411	728122	0.0002
KGKA-BKG-109-RRV-2023-MSMT-1	2264	683728	0.0002
KGKA-BKG-091-EAD-2023-MSMT-1	2497	754094	0.0002
KGKA-BKG-090-AZG-2023-MSMT-1	3242	979084	0.0002
KGKA-BKG-089-AAS-2023-MSMT-1	2814	849828	0.0002
KGKA-BKG-075-AMS-2023-MSMT-1	2448	739296	0.0002
KGKA-BKG-068-LAA-2023-MSMT-1	2559	772818	0.0002
KGKA-BKG-064-AMA-2023-MSMT-1	3710	1120420	0.0002
KGKA-BKG-062-DRT-2023-MSMT-1	2694	813588	0.0002
KGKA-BKG-056-LBS-2023-MSMT-1	2411	728122	0.0002
KGKA-BKG-046-ABV-2023-MSMT-1	3553	1073006	0.0002
KGKA-BKG-033-AAJ-2023-MSMT-1	2974	898148	0.0002
KGKA-BKG-018-EEE-2023-MSMT-1	2436	735672	0.0002
KGKA-BKG-016-OOK-2023-MSMT-1	2545	768590	0.0002
KGKA-BKG-013-RRV-2023-MSMT-1	2486	750772	0.0002
KGKA-BKG-001-APJ-2023-MSMT-1	2661	803622	0.0002
KGBR-BUT295-JJB-2023-MSMT-1	2273	686446	0.0002
KGBR-BUT272-MME-2023-MSMT-1	2738	826876	0.0002
KGBR-BUT271-EBE-2023-MSMT-1	2672	806944	0.0002
KGBR-BUT266-BNI-2023-MSMT-1	3127	944354	0.0002
KGBR-BUT259-JWE-2023-MSMT-1	2526	762852	0.0002
KGBR-BUT258-EEP-2023-MSMT-1	2635	795770	0.0002
KGBR-BUT255-MKE-2023-MSMT-1	2375	717250	0.0002
KGBR-BUT251-AMA-2023-MSMT-1	2648	799696	0.0002
KGBR-BUT250-EFM-2023-MSMT-1	2349	709398	0.0002
KGBR-BUT237-NJD-2023-MSMT-1	2625	792750	0.0002
KGBR-BUT233-RBB-2023-MSMT-1	2635	795770	0.0002
KGBR-BUT230-VAP-2023-MSMT-1	3569	1077838	0.0002
KGBR-BUT227-RJF-2023-MSMT-1	2492	752584	0.0002
KGBR-BUT222-MAA-2023-MSMT-1	2268	684936	0.0002
KGBR-BUT206-MAB-2023-MSMT-1	2304	695808	0.0002
KGBR-BUT202-EAE-2023-MSMT-1	3686	1113172	0.0002
KGBR-BUT196-AMS-2023-MSMT-1	2433	734766	0.0002
KGBR-BUT193-JBJ-2023-MSMT-1	3434	1037068	0.0002
KGBR-BUT188-PFB-2023-MSMT-1	2371	716042	0.0002
KGBR-BUT187-FAJ-2023-MSMT-1	3148	950696	0.0002
KGBR-BUT181-ERE-2023-MSMT-1	2381	719062	0.0002
KGBR-BUT176-AAS-2023-MSMT-1	3664	1106528	0.0002
KGBR-BUT168-RBA-2023-MSMT-1	2577	778254	0.0002
KGBR-BUT163-ENE-2023-MSMT-1	2833	855566	0.0002
KGBR-BUT159-BRR-2023-MSMT-1	2272	686144	0.0002
KGBR-BUT147-AKO-2023-MSMT-1	3292	994184	0.0002
KGBR-BUT145-ESJ-2023-MSMT-1	2444	738088	0.0002
KGBR-BUT135-EEA-2023-MSMT-1	2546	768892	0.0002
KGBR-BUT127-JAJ-2023-MSMT-1	2887	871874	0.0002
KGBR-BUT1203-AKR-2023-MSMT-1	3532	1066664	0.0002
KGBR-BUT119-MSN-2023-MSMT-1	2425	732350	0.0002
KGBR-BUT118-FKE-2023-MSMT-1	2566	774932	0.0002
KGBR-BUT105-EME-2023-MSMT-1	2675	807850	0.0002
KGBR-BUT084-CKS-2023-MSMT-1	3673	1109246	0.0002
KGBR-BUT079-JRD-2023-MSMT-1	2245	677990	0.0002
KGBR-BUT078-JPD-2023-MSMT-1	3241	978782	0.0002
KGBR-BUT077-JAD-2023-MSMT-1	2243	677386	0.0002
KGBR-BUT055-LML-2023-MSMT-1	2873	867646	0.0002
KGBR-BUT050-HIY-2023-MSMT-1	3708	1119816	0.0002
KGBR-BUT045-IKH-2023-MSMT-1	2370	715740	0.0002
KGBR-BUT043-IMA-2023-MSMT-1	2992	903584	0.0002
KGBR-BUT038-AAH-2023-MSMT-1	2942	888484	0.0002
KGBR-BUT028-ALB-2023-MSMT-1	2395	723290	0.0002
KGBR-BUT027-RKK-2023-MSMT-1	3372	1018344	0.0002
KGBR-BUT005-VTF-2023-MSMT-1	2920	881840	0.0002
KGBR-BUT001-RLC-2023-MSMT-1	2718	820836	0.0002
KGBI-KZB-037-MIM-2023-MSMT-1	3154	952508	0.0002
KGBI-KZB-032-RLB-2023-MSMT-1	3182	960964	0.0002
KGBI-KZB-026-JKT-2023-MSMT-1	2893	873686	0.0002
KGBI-KZB-006-EBE-2023-MSMT-1	2693	813286	0.0002
GKY-RUG-074-NME-2023-MSMT-1	2481	749262	0.0002
-KGBR-BUT292-AMD-2023-MSMT-1	2658	802716	0.0002
negative-extract-control-2023-MSMT-7	1811	546922	0.0001
negative-extract-control-2023-MSMT-5	1989	600678	0.0001
negative-extract-control-2023-MSMT-3	1549	467798	0.0001
KGNG-CVU158-FFS-2023-MSMT-1	1899	573498	0.0001
KGNG-CVU152-FEF-2023-MSMT-1	2061	622422	0.0001
KGNG-CVU150-SSM-2023-MSMT-1	2076	626952	0.0001
KGNG-CVU135-BGP-2023-MSMT-1	2080	628160	0.0001
KGNG-CVU127-ECL-2023-MSMT-1	2027	612154	0.0001
KGNG-CVU122-JNI-2023-MSMT-1	1795	542090	0.0001
KGNG-CVU115-HNI-2023-MSMT-1	2057	621214	0.0001
KGNG-CVU112-ERO-2023-MSMT-1	2178	657756	0.0001
KGNG-CVU103-ENN-2023-MSMT-1	1732	523064	0.0001
KGNG-CVU087-FFF-2023-MSMT-1	1730	522460	0.0001
KGNG-CVU071-KOK-2023-MSMT-1	2045	617590	0.0001
KGNG-CVU059-SES-2023-MSMT-1	1889	570478	0.0001
KGNG-CVU055-MJE-2023-MSMT-1	1415	427330	0.0001
KGNG-CVU054-EMV-2023-MSMT-1	1831	552962	0.0001
KGNG-CVU053AMO-2023-MSMT-1	1466	442732	0.0001
KGNG-CVU052-ODD-2023-MSMT-1	2066	623932	0.0001
KGNG-CVU034-JSP-2023-MSMT-1	1926	581652	0.0001
KGNG-CVU018-RAN-2023-MSMT-1	1566	472932	0.0001
KGNG-CVU012-FYS-2023-MSMT-1	1695	511890	0.0001
KGNG-CVU006-RFF-2023-MSMT-1	2015	608530	0.0001
KGNG-CVU004-LBJ-2023-MSMT-1	1983	598866	0.0001
KGKY-RWB129-AYS-2023-MSMT-1	2047	618194	0.0001
KGKY-RWB115-ECB-2023-MSMT-1	1853	559606	0.0001
KGKY-RWB098-RLG-2023-MSMT-1	2043	616986	0.0001
KGKY-RWB082-AMA-2023-MSMT-1	1765	533030	0.0001
KGKY-RWB063-DLS-2023-MSMT-1	1807	545714	0.0001
KGKY-RWB058-EJK-2023-MSMT-1	2225	671950	0.0001
KGKY-RWB044-AJJ-2023-MSMT-1	2164	653528	0.0001
KGKY-RWB027-EBF-2023-MSMT-1	2008	606416	0.0001
KGKY-RWB-295-FBM-2023-MSMT-1	1908	576216	0.0001
KGKY-RWB-287-CBA-2023-MSMT-1	1810	546620	0.0001
KGKY-RWB-286-ZBF-2023-MSMT-1	1946	587692	0.0001
KGKY-RWB-223-GGK-2023-MSMT-1	2226	672252	0.0001
KGKY-RWB-222-OAC-2023-MSMT-1	2103	635106	0.0001
KGKY-RWB-220-SKZ-2023-MSMT-1	1943	586786	0.0001
KGKY-RWB-178-JJK-2023-MSMT-1	2030	613060	0.0001
KGKY-RWB-168-VRP-2023-MSMT-1	2184	659568	0.0001
KGKY-RUG-129-FKJ-2023-MSMT-1	2144	647488	0.0001
KGKY-RUG-118-LLF-2023-MSMT-1	1972	595544	0.0001
KGKY-RUG-089-ASM-2023-MSMT-1	2120	640240	0.0001
KGKY-RUG-084-AMR-2023-MSMT-1	2143	647186	0.0001
KGKY-RUG-078-DLE-2023-MSMT-1	2084	629368	0.0001
KGKY-RUG-063-JJJ-2023-MSMT-1	2209	667118	0.0001
KGKY-RUG-051-JJK-2023-MSMT-1	2167	654434	0.0001
KGKY-RUG-044-RFC-2023-MSMT-1	1802	544204	0.0001
KGKY-RUG-028-LVB-2023-MSMT-1	2126	642052	0.0001
KGKY-RUG-025-SBA-2023-MSMT-1	2099	633898	0.0001
KGKY-RUG-021-AMJ-2023-MSMT-1	1930	582860	0.0001
KGKY-RUG-019-RIS-2023-MSMT-1	1586	478972	0.0001
KGKY-RUG-015-MRB-2023-MSMT-1	1834	553868	0.0001
KGKA-BKG231-AAI-2023-MSMT-1	948	286296	0.0001
KGKA-BKG229-VGD-2023-MSMT-1	1571	474442	0.0001
KGKA-BKG223-MMS-2023-MSMT-1	1627	491354	0.0001
KGKA-BKG214-ALJ-2023-MSMT-1	1586	478972	0.0001
KGKA-BKG212-LSP-2023-MSMT-1	1961	592222	0.0001
KGKA-BKG207-ABD-2023-MSMT-1	937	282974	0.0001
KGKA-BKG196-JSZ-2023-MSMT-1	1957	591014	0.0001
KGKA-BKG195-RTA-2023-MSMT-1	2107	636314	0.0001
KGKA-BKG185-APK-2023-MSMT-1	1688	509776	0.0001
KGKA-BKG180-RRA-2023-MSMT-1	1728	521856	0.0001
KGKA-BKG-177-DMW-2023-MSMT-1	1644	496488	0.0001
KGKA-BKG-164-AYI-2023-MSMT-1	2062	622724	0.0001
KGKA-BKG-061-NRT-2023-MSMT-1	2029	612758	0.0001
KGKA-BKG-040-HMB-2023-MSMT-1	2039	615778	0.0001
KGBR-BUT310-EKW-2023-MSMT-1	1792	541184	0.0001
KGBR-BUT306-RAJ-2023-MSMT-1	2229	673158	0.0001
KGBR-BUT304-SON-2023-MSMT-1	2000	604000	0.0001
KGBR-BUT301-SMT-2023-MSMT-1	2195	662890	0.0001
KGBR-BUT298-EKC-2023-MSMT-1	2010	607020	0.0001
KGBR-BUT296-GNP-2023-MSMT-1	1925	581350	0.0001
KGBR-BUT285-JJM-2023-MSMT-1	1986	599772	0.0001
KGBR-BUT279-AAA-2023-MSMT-1	1603	484106	0.0001
KGBR-BUT278-AMA-2023-MSMT-1	1258	379916	0.0001
KGBR-BUT277-RTP-2023-MSMT-1	2059	621818	0.0001
KGBR-BUT270-EDG-2023-MSMT-1	2186	660172	0.0001
KGBR-BUT257-AAM-2023-MSMT-1	2080	628160	0.0001
KGBR-BUT248-MMD-2023-MSMT-1	1987	600074	0.0001
KGBR-BUT226-EMS-2023-MSMT-1	2196	663192	0.0001
KGBR-BUT224-DDJ-2023-MSMT-1	2171	655642	0.0001
KGBR-BUT214-JAG-2023-MSMT-1	1936	584672	0.0001
KGBR-BUT183-AJS-2023-MSMT-1	1450	437900	0.0001
KGBR-BUT182-LVT-2023-MSMT-1	1583	478066	0.0001
KGBR-BUT171-ART-2023-MSMT-1	2142	646884	0.0001
KGBR-BUT164-JAE-2023-MSMT-1	1943	586786	0.0001
KGBR-BUT152-DAD-2023-MSMT-1	1896	572592	0.0001
KGBR-BUT151-DKN-2023-MSMT-1	2167	654434	0.0001
KGBR-BUT142-FAG-2023-MSMT-1	1777	536654	0.0001
KGBR-BUT133-EEJ-2023-MSMT-1	2134	644468	0.0001
KGBR-BUT131-MKR-2023-MSMT-1	1963	592826	0.0001
KGBR-BUT124-BAP-2023-MSMT-1	1967	594034	0.0001
KGBR-BUT114-KPB-2023-MSMT-1	2001	604302	0.0001
KGBR-BUT096-LKL-2023-MSMT-1	2108	636616	0.0001
KGBR-BUT093-DAJ-2023-MSMT-1	1472	444544	0.0001
KGBR-BUT091-SNS-2023-MSMT-1	1796	542392	0.0001
KGBR-BUT090-BMS-2023-MSMT-1	2171	655642	0.0001
KGBR-BUT088-AMP-2023-MSMT-1	2217	669534	0.0001
KGBR-BUT074-DAM-2023-MSMT-1	2093	632086	0.0001
KGBR-BUT069-DKW-2023-MSMT-1	1279	386258	0.0001
KGBR-BUT052-AGE-2023-MSMT-1	1643	496186	0.0001
KGBR-BUT048-DMW-2023-MSMT-1	1903	574706	0.0001
KGBR-BUT040-DAC-2023-MSMT-1	1794	541788	0.0001
KGBR-BUT038-AAH-2023-MSMT-2	2229	673158	0.0001
KGBR-BUT022-JRW-2023-MSMT-1	2138	645676	0.0001
KGBR-BUT021-DKJ-2023-MSMT-1	1792	541184	0.0001
KGBR-BUT008-AAA-2023-MSMT-1	1388	419176	0.0001
KGBR-BUT004-ESM-2023-MSMT-1	1558	470516	0.0001
KGBR-BUT003-SSM-2023-MSMT-1	1651	498602	0.0001
KGBI-KZB-004-SGM-2023-MSMT-1	765	231030	0.0001
KGBI-KZB-003-SEL-2023-MSMT-1	1701	513702	0.0001
NTP-2023-MSMT-8	0	0	0.0
NTP-2023-MSMT-7	0	0	0.0
NTP-2023-MSMT-6	0	0	0.0
NTP-2023-MSMT-5	0	0	0.0
NTP-2023-MSMT-4	0	0	0.0
NTP-2023-MSMT-3	1	302	0.0
NTP-2023-MSMT-2	0	0	0.0
NTP-2023-MSMT-1	0	0	0.0
KGNG-CVU014-KON-2023-MSMT-1	82	24764	0.0
KGKY-RUG-032-AJC-2023-MSMT-1	1	302	0.0
KGKA-BKG230-RPK-2023-MSMT-1	218	65836	0.0
KGKA-BKG218-ESS-2023-MSMT-1	508	153416	0.0
KGKA-BKG179-PMK-2023-MSMT-1	226	68252	0.0
KGBR-BUT245-AKG-2023-MSMT-1	82	24764	0.0
KGBR-BUT153-HAZ-2023-MSMT-1	9	2718	0.0
